<?xml version="1.0" encoding="utf-8" standalone="no"?>
<application xmlns="http://ns.adobe.com/air/application/2.0beta2">

	<id>in.yorg.scuttlebutt</id>
	<filename>ScuttleButt</filename>
	<name>ScuttleButt</name>
	<version>0.68</version>
	<description>Instant Messenger for the Local Network</description>
	<copyright>Rohit Yadav, Yorg Inc. 2009-10</copyright>
	
	<initialWindow>
		<content>[This value will be overwritten by Flash Builder in the output app.xml]</content>
		<title>ScuttleButt</title>
		<systemChrome>none</systemChrome>
		<transparent>true</transparent>
		<visible>true</visible>
		<resizable>false</resizable>
		<width>380</width>
		<height>540</height>
		<x>200</x>
		<y>50</y>
		<minSize>360 480</minSize>
	</initialWindow>
	
	<icon>
		<image16x16>assets/icons/icon_16.png</image16x16>
		<image32x32>assets/icons/icon_32.png</image32x32>
		<image48x48>assets/icons/icon_48.png</image48x48>
		<image128x128>assets/icons/icon_128.png</image128x128>
	</icon>

</application>